id,text,language,predicted_label,prediction_confidence
0,"2025/10/11 07:06:00 Earthquake Information
Maximum Seismic Intensity 1

[Seismic Intensity 1] Hokkaido
#japan #quake",en,0,0.3
1,"ğŸ””æ°—è±¡åºã‚ˆã‚Šã€åœ°éœ‡é€Ÿå ±ã€‘ã§ã™ã€‚

7æ™‚6åˆ†é ƒã€åŒ—æµ·é“ã§æœ€å¤§éœ‡åº¦1ã®åœ°éœ‡ã‚’è¦³æ¸¬ã—ã¾ã—ãŸã€‚
éœ‡æº:æµ¦æ²³æ²–, æ·±ã•:60km, è¦æ¨¡:M4.3
ã“ã®åœ°éœ‡ã«ã‚ˆã‚‹æ´¥æ³¢ã®å¿ƒé…ã¯ã‚ã‚Šã¾ã›ã‚“ã€‚
(2025-10-11 07:09:36) #åœ°éœ‡
https://earthquake.tenki.jp/bousai/earthquake/detail/2025/10/11/2025-10-11-07-06-46.html?xlarge_image=1",ja,0,0.0
2,New earthquake reported: M 5.4 - Drake Passage - 2025-10-10T22:07:47.232Z,en,1,0.52
3,"I absolutely stand by my previous statement, although now I dont think i'll be cutting down any trees, and simply letting you tease about how i'm lost in a little forest~ I'll also be sure to enjoy every ""earthquake"" caused by either your hand or.. others~ :3",en,0,0.15
4,â– â– ç·Šæ€¥åœ°éœ‡é€Ÿå ±(æœ€çµ‚å ±)â– â–  æµ¦æ²³æ²–ã§åœ°éœ‡ æœ€å¤§éœ‡åº¦ 1(æ¨å®š) [è©³ç´°] 2025/10/11 07:06:35ç™ºç”Ÿ M3.5 æ·±ã•80km #earthquake #ç·Šæ€¥åœ°éœ‡é€Ÿå ±,ko,0,0.0
5,â– â– ç·Šæ€¥åœ°éœ‡é€Ÿå ±(ç¬¬2å ±)â– â–  æµ¦æ²³æ²–ã§åœ°éœ‡ æœ€å¤§éœ‡åº¦ 1(æ¨å®š) [è©³ç´°] 2025/10/11 07:06:35ç™ºç”Ÿ M3.5 æ·±ã•80km #earthquake #ç·Šæ€¥åœ°éœ‡é€Ÿå ±,ko,0,0.0
6,â– â– ç·Šæ€¥åœ°éœ‡é€Ÿå ±(ç¬¬1å ±)â– â–  æµ¦æ²³æ²–ã§åœ°éœ‡ æœ€å¤§éœ‡åº¦ 1(æ¨å®š) [è©³ç´°] 2025/10/11 07:06:35ç™ºç”Ÿ M3.5 æ·±ã•70km #earthquake #ç·Šæ€¥åœ°éœ‡é€Ÿå ±,ko,0,0.0
7,New earthquake reported: M 5.4 - Drake Passage - 2025-10-10T22:05:28.669Z,en,1,0.52
8,"One reason we're still
    doing this after 250 years
is that pressure-release
    of regular elections.
How's Putin's transition
    going to go?
Brute force necessary?
     Huge earthquake?",en,0,0.23
9,"Recent #Earthquake: M 4.9 - Drake Passage reported at 21:13:47 UTC (51 minutes ago). #EarthquakeAlert. 
See more details at https://earthquake.usgs.gov/earthquakes/eventpage/us6000rgga/executive. 
 In an #earthquake, use stairs, not elevators! ğŸš¶â€â™‚ï¸ğŸš¶â€â™€ #safetyfirst. Data provided by #usgs",en,1,0.59
10," A 7.4 magnitude earthquake struck off the southeastern coast of the Philippines Friday morning,",en,1,0.63
11,"Earthquake Report

Earthquake M4.9 has been observed 277.73 km NNW of Villa Las Estrellas, , Antarctica on 2025-10-10 21:13:47. The depth is 10 km, the epicenter was in the underwater.

 #crisisinfo, #earthquake, #emsc

 https://map.crisisinfo.eu/?pageid=earthquake_index&id=1476570",en,1,0.93
12,"Earthquake Report

Earthquake M4.9 has been observed 277.73 km NNW of Villa Las Estrellas, , Antarctica on 2025-10-10 21:13:47. The depth is 10 km, the epicenter was in the underwater.

 #crisisinfo, #earthquake, #usgs

 https://map.crisisinfo.eu/?pageid=earthquake_index&id=1476569",en,1,0.94
13,An #earthquake with 4.90 magnitude has occurred near Drake Passage @ 23:13:47 UTC #antarctica #light,en,1,0.83
14,"ğŸŒ Earthquake!
ğŸ“… Date: 10.10.2025 21:13:47 (UTC)
ğŸ“ Loc: Drake Passage
ğŸŒŸ Mag: 4.9, ğŸ“ Depth: 10.0 km
ğŸ—ºï¸ Map: https://www.google.com/maps?q=-60.03,-61.53&z=9
ğŸ“‹ Details: https://earthquake.usgs.gov/earthquakes/eventpage/us6000rgga&lng=en
ğŸ“¡ Source: USGS ğŸ“¡",en,1,0.83
15,"
Bluesky's Top 10 Trending Words (past 60min):
ğŸ’¨x1* - gaza ğŸ”“
ğŸ’¨x1* - democracy ğŸ”“
ğŸ’¨x176 - corina
ğŸ’¨x1* - ukraine ğŸ”“
ğŸ’¨x98 - lox
ğŸ’¨x81 - 10/10/2025
ğŸ’¨x71 - stargaze
ğŸ’¨x57 - trigun
ğŸ’¨x57 - qatari
ğŸ’¨x54 - milly
*ğŸ”“ = Unlocked Emergency Words (see img)

#FreePalestine ğŸ‡µğŸ‡¸

(Something not right? Reply!)",en,0,0.05
16,"Green earthquake alert (Magnitude 7.6M, Depth:10.499km) in Chile 10/10/2025 20:29 UTC, Few people affected in MMI III. https://www.gdacs.org/report.aspx?eventtype=EQ&eventid=1504458 #disaster #interruption #SMEM #businesscontinuity #MastoFeed",en,1,0.62
17,"Had my first....I dunno...phantom earthquake?

Any #MS patients in earthquake prone areas had this? I thought we just had a small 3s earthquake...but no alert and nobody at home felt it but me...

I've been in small quakes and aside from no phone alert, seemed the same to me.",en,1,0.37
18,"
Bluesky's Top 10 Trending Words (past 10min):
ğŸ’¨x1* - gaza ğŸ”“
ğŸ’¨x1* - democracy ğŸ”“
ğŸ’¨x43 - machado
ğŸ’¨x30 - idaho
ğŸ’¨x30 - corina
ğŸ’¨x29 - bagel
ğŸ’¨x28 - toasted
ğŸ’¨x26 - trigun
ğŸ’¨x24 - qatari
ğŸ’¨x23 - milly
*ğŸ”“ = Unlocked Emergency Words (see img)

#Ğ¹Ğ¾Ğ±Ğ°Ğ½Ğ°Ñ€ÑƒÑĞ½Ñ ğŸ‡ºğŸ‡¦

(Something not right? Reply!)",en,0,0.05
19,"#Earthquake - #Ø²Ù„Ø²Ù„Ù‡ Mag: 5.4 Depth : 10 Km  Place :  Drake Passage Date/Time : 10/10/2025 21:34:22 Updated : 10/10/2025 21:56:35 Status : reviewed Code : 6000rggf Link to interactive map :  
https://earthquake.usgs.gov/earthquakes/eventpage/us6000rggf",en,1,0.76
20,"5.7 magnitude moderate #earthquake
2025-10-10 21:28:42 UTC
Drake Passage

earthquake.usgs.gov/us6000rgge",en,1,0.62
21,New earthquake reported: M 5.4 - Drake Passage - 2025-10-10T21:56:35.276Z,en,1,0.52
22,"A magnitude 5.4 earthquake occurred Drake Passage on October 10th, 2025 at 9:34:22 PM GMT

https://earthquake.usgs.gov/earthquakes/eventpage/us6000rggf",en,1,0.63
23,"A magnitude 5.7 earthquake occurred Drake Passage on October 10th, 2025 at 9:28:42 PM GMT

https://earthquake.usgs.gov/earthquakes/eventpage/us6000rgge",en,1,0.63
24,"Green earthquake alert (Magnitude 5.7M, Depth:10km) in Drake Passage 10/10/2025 21:28 UTC, No people affected in 100km. https://www.gdacs.org/report.aspx?eventtype=EQ&eventid=1504466 #disaster #interruption #SMEM #businesscontinuity #MastoFeed",en,1,0.62
25,New earthquake reported: M 5.4 - Drake Passage - 2025-10-10T21:53:10.143Z,en,1,0.52
26,"I know that feeling. When the 2011 earthquake in Japan happened, the period of waiting to get word from our family was terrible, surreal. Iâ€™m so sorry you and your mom are in this position right now, and I sincerely hope your family in the Philippines is safe and you hear from them soon ğŸ’œ",en,1,0.4
27,"In a mock emergency, an earthquake struck #Napanee around 11 a.m. today.
Emergency management teams and volunteers are now working through the aftermath.
It's all part of an emergency preparedness exercise that will continue into tomorrow! #KFLA
Details: www.kingstonist.com/news/mock-ea...",en,1,0.36
28,"M7.6 earthquake, Drake Passage, at 20.29 UTC on 10 October 2025. Recorded in Nottingham using (top to bottom) slinky, horizontal pendulum and @LEGO_Group school seismometers
#earthquake âš’ï¸ #geology ğŸ¦•
earthquake.usgs.gov/earthquakes/...",en,1,0.37
29,"AI on Obama's #NobelPeacePrize..

Yes, former President Barack Obama donated his entire $1.4 million Nobel Peace Prize award to ten different charities in 2010. The prize money went toward efforts supporting veterans, students, and relief work in Haiti following its devastating 2010 earthquake.",en,0,0.15
30,New earthquake reported: M 5.4 - Drake Passage - 2025-10-10T21:49:13.040Z,en,1,0.52
31,"ğŸŸ  INITIAL ALERT: Magnitude 5.7 mb earthquake detected at 10 Oct 2025 21:28:42 UTC, depth 10.0 km.

Location: Drake Passage

Full information to follow. https://earthquake.usgs.gov/earthquakes/eventpage/us6000rgge/executive

#USGS #earthquake #Drakepassage",en,1,0.94
32,"
Bluesky's Top 10 Trending Words (past 10min):
ğŸ’¨x1* - democracy ğŸ”“
ğŸ’¨x1* - gaza ğŸ”“
ğŸ’¨x39 - idaho
ğŸ’¨x33 - machado
ğŸ’¨x26 - lecornu
ğŸ’¨x25 - corina
ğŸ’¨x24 - qatari
ğŸ’¨x22 - milly
ğŸ’¨x1* - ukraine ğŸ”“
ğŸ’¨x18 - qatar
*ğŸ”“ = Unlocked Emergency Words (see img)

#ListenToBlackVoices

(Something not right? Reply!)",en,0,0.05
33,"Recent #Earthquake: M 5.7 - Drake Passage reported at 21:28:42 UTC (21 minutes ago). #EarthquakeAlert. 
See more details at https://earthquake.usgs.gov/earthquakes/eventpage/us6000rgge/executive. 
 In an #earthquake, use stairs, not elevators! ğŸš¶â€â™‚ï¸ğŸš¶â€â™€ #safetyfirst. Data provided by #usgs",en,1,0.59
34,"Recent #Earthquake: M 5.4 - Drake Passage reported at 21:34:22 UTC (16 minutes ago). #EarthquakeAlert. 
See more details at https://earthquake.usgs.gov/earthquakes/eventpage/us6000rggf/executive. 
 How do you prepare? Share tips and stay safe! #earthquakePrep. Data provided by #usgs",en,1,0.55
35,"#Earthquake - #Ø²Ù„Ø²Ù„Ù‡ Mag: 5.7 Depth : 10 Km  Place :  Drake Passage Date/Time : 10/10/2025 21:28:42 Updated : 10/10/2025 21:48:00 Status : reviewed Code : 6000rgge Link to interactive map :  
https://earthquake.usgs.gov/earthquakes/eventpage/us6000rgge",en,1,0.76
36,"#Earthquake - #Ø²Ù„Ø²Ù„Ù‡ Mag: 5.7 Depth : 10 Km  Place :  Drake Passage Date/Time : 10/10/2025 21:28:42 Updated : 10/10/2025 21:48:00 Status : reviewed Code : 6000rgge Link to interactive map :  
https://earthquake.usgs.gov/earthquakes/eventpage/us6000rgge",en,1,0.76
37,"ğŸŒ Earthquake!
ğŸ“… Date: 10.10.2025 21:28:42 (UTC)
ğŸ“ Loc: Drake Passage
ğŸŒŸ Mag: 5.7, ğŸ“ Depth: 10.0 km
ğŸ“‹ Details: https://earthquake.usgs.gov/earthquakes/eventpage/us6000rgge&lng=en
ğŸ“¡ Source: USGS ğŸ“¡",en,1,0.83
38,"ğŸŒ Earthquake!
ğŸ“… Date: 10.10.2025 21:34:22 (UTC)
ğŸ“ Loc: Drake Passage
ğŸŒŸ Mag: 5.4, ğŸ“ Depth: 10.0 km
ğŸ“‹ Details: https://earthquake.usgs.gov/earthquakes/eventpage/us6000rggf&lng=en
ğŸ“¡ Source: USGS ğŸ“¡",en,1,0.83
39,An #earthquake with 5.40 magnitude has occurred near Drake Passage @ 23:34:22 UTC #antarctica #light,en,1,0.83
40,"Earthquake Report

Earthquake M5.4 has been observed 301.35 km NW of Villa Las Estrellas, , Antarctica on 2025-10-10 21:34:22. The depth is 10 km, the epicenter was in the underwater.

 #crisisinfo, #earthquake, #emsc

 https://map.crisisinfo.eu/?pageid=earthquake_index&id=1476561",en,1,0.9
41,An #earthquake with 5.70 magnitude has occurred near Drake Passage @ 23:28:42 UTC #antarctica #light,en,1,0.83
42,"Earthquake Report

Earthquake M5.7 has been observed 301.32 km NW of Villa Las Estrellas, , Antarctica on 2025-10-10 21:28:42. The depth is 10 km, the epicenter was in the underwater.

 #crisisinfo, #earthquake, #usgs

 https://map.crisisinfo.eu/?pageid=earthquake_index&id=1476558",en,1,0.91
43,"Earthquake Report

Earthquake M5.4 has been observed 301.35 km NW of Villa Las Estrellas, , Antarctica on 2025-10-10 21:34:22. The depth is 10 km, the epicenter was in the underwater.

 #crisisinfo, #earthquake, #usgs

 https://map.crisisinfo.eu/?pageid=earthquake_index&id=1476557",en,1,0.91
44,"ğŸŸ  INITIAL ALERT: Magnitude 5.4 mb earthquake detected at 10 Oct 2025 21:34:22 UTC, depth 10.0 km.

Location: Drake Passage

Full information to follow. https://earthquake.usgs.gov/earthquakes/eventpage/us6000rggf/executive

#USGS #earthquake #Drakepassage",en,1,0.94
45,"ğŸŒ Earthquake Event
Magnitude: 5.4
Location: Drake Passage
Depth: 10 km
Perceived Severity: ğŸŸ¨Light
Time: 16 minutes ago
#earthquake #quake

More Info",en,1,0.93
46,"Earthquake Location: DRAKE PASSAGE Magnitude: 5.400000

Interest | Match | Feed",en,1,0.91
47,"A 5.4 magnitude earthquake occurred Drake Passage!
ğŸ—ºï¸ Coordinates: -60.086100, -62.477500
",en,1,0.59
48,"ğŸŒ Earthquake Alert ğŸŒ
ğŸ“ Location: NEAR EAST COAST OF HONSHU, JAPAN
ğŸ“ Magnitude (m): 3.6
ğŸ”½ Depth: 100.00 km
â° Time: 2025-10-10 21:39:30 UTC
ğŸ”— Source: EMSC
Stay safe!",en,1,1.0
49,New earthquake reported: M 5.7 - Drake Passage - 2025-10-10T21:48:00.040Z,en,1,0.52
50,"ğŸŒ Earthquake Event
Magnitude: 5.7
Location: Drake Passage
Depth: 10 km
Perceived Severity: ğŸŸ§Moderate
Time: 21 minutes ago
#earthquake #quake

More Info",en,1,0.94
51,"A 5.7 magnitude earthquake occurred Drake Passage!
ğŸ—ºï¸ Coordinates: -60.041300, -62.355300
",en,1,0.59
52,"Earthquake Magnitude: 5.700000 Location: DRAKE PASSAGE

Interest | Match | Feed",en,1,0.88
53,"âš ï¸ Nuevo #Sismo Registrado âš ï¸
Fecha: 10-10-2025
Hora: 18:33:41
UbicaciÃ³n: 362 km al NO de Base Frei
Profundidad: 10 km
Magnitud: 4.9
Latitud: -59.18
Longitud: -61.47
Ver Mapa
#Terremoto #SismologÃ­a #Chile #EarthQuake #Alerta",es,0,0.0
54,"Earthquake Location: DRAKE PASSAGE Magnitude: 5.400000

Interest | Match | Feed",en,1,0.91
55,"Earthquake Location: DRAKE PASSAGE Magnitude: 5.400000

Interest | Match | Feed",en,1,0.91
56,"Earthquake Magnitude: 5.300000 Location: DRAKE PASSAGE

Interest | Match | Feed",en,1,0.88
57,"Magnitude : 5.5
Region: *Drake Passage*
Time: 2025-10-10 21:34:24 UTC
Epicenter : 62.42Â°W 60.04Â°S
Depth: 10 km
*First posted at: 21:46 UTC*

https://geofon.gfz-potsdam.de/eqexplorer/events/gfz2025twwo/general

#GEOFON #GFZ #earthquake #magnitude",en,1,0.97
58,"âš ï¸ Nuevo #Sismo Registrado âš ï¸
Fecha: 10-10-2025
Hora: 18:28:34
UbicaciÃ³n: 315 km al NO de Base Frei
Profundidad: 10 km
Magnitud: 4.8
Latitud: -60.02
Longitud: -62.73
Ver Mapa
#Terremoto #SismologÃ­a #Chile #EarthQuake #Alerta",es,0,0.0
59,Finally received a notification from USGS:,en,0,0.07
60,"Earthquake M7.0 - Antarctica: Drake Passage - Fri, 10 Oct 2025 20:29:22 UTC (15:29 CDT) - 1 hour ago
more info: www.volcanodiscovery.com/app/earthqua...
via Volcanoes & Earthquakes App - play.google.com/store/apps/d...",en,1,0.51
61,"The silence from Davao people is scary bec how much damages are there right now, how many are hurt, it's a magnitude 7.4 earthquake after all
Same goes with Cebu having a 6.9 magnitude earthquake during a typhoon too
Wtf is going on in this country",en,1,0.5
62,"ğŸ””æ°—è±¡åºã‚ˆã‚Šã€åœ°éœ‡é€Ÿå ±ã€‘ã§ã™ã€‚

6æ™‚39åˆ†é ƒã€èŒ¨åŸçœŒãƒ»ç¦å³¶çœŒã§æœ€å¤§éœ‡åº¦1ã®åœ°éœ‡ã‚’è¦³æ¸¬ã—ã¾ã—ãŸã€‚
éœ‡æº:ç¦å³¶çœŒæµœé€šã‚Š, æ·±ã•:100km, è¦æ¨¡:M3.6
ã“ã®åœ°éœ‡ã«ã‚ˆã‚‹æ´¥æ³¢ã®å¿ƒé…ã¯ã‚ã‚Šã¾ã›ã‚“ã€‚
(2025-10-11 06:42:41) #åœ°éœ‡
https://earthquake.tenki.jp/bousai/earthquake/detail/2025/10/11/2025-10-11-06-39-54.html?xlarge_image=1",ja,0,0.0
63,"2025/10/11 06:39:00 Earthquake Information
Maximum Seismic Intensity 1

[Seismic Intensity 1] Fukushima, Ibaraki
#japan #quake",en,0,0.3
64,"Breaking News
A magnitude 7.6 earthquake has struck south of Chile. Authorities say there is a threat of tsunami along coastal areas within 1,000 kilometers of the epicenter.
via NHK World",en,1,0.72
65,It could even be a mega earthquake (M7.5+).,en,0,0.13
66,M7.6 Drake Passage captured in Turin my @raspishake.bsky.social #raspishake #earthquake,en,0,0.3
67,Glad to have several large quakes back-to-back to discuss during my earthquake units when talking about average magnitude occurrences per year and (lack of) triggering on opposite sides of the world.,en,1,0.55
68,"
Bluesky's Top 10 Trending Words (past 10min):
ğŸ’¨x1* - gaza ğŸ”“
ğŸ’¨x1* - democracy ğŸ”“
ğŸ’¨x42 - bagel
ğŸ’¨x38 - idaho
ğŸ’¨x34 - machado
ğŸ’¨x31 - milly
ğŸ’¨x31 - lecornu
ğŸ’¨x28 - trigun
ğŸ’¨x27 - corina
ğŸ’¨x25 - sÃ©bastien
*ğŸ”“ = Unlocked Emergency Words (see img)

#ListenToBlackVoices

(Something not right? Reply!)",en,0,0.05
69,"Earthquake Location: DRAKE PASSAGE Magnitude: 5.500000

Interest | Match | Feed",en,1,0.91
70,"Earthquake Report

Earthquake M5.5 has been observed 301.35 km NW of Villa Las Estrellas, , Antarctica on 2025-10-10 21:28:43. The depth is 10 km, the epicenter was in the underwater.

 #crisisinfo, #earthquake, #emsc

 https://map.crisisinfo.eu/?pageid=earthquake_index&id=1476555",en,1,0.9
71,"ğŸ”´ UPDATE: M7.6 mww earthquake, Drake Passage, depth 10.5 km

âš ï¸ TSUNAMI ALERT ISSUED

ğŸŸ¢ PAGER Alert Level: GREEN
ğŸ” Felt by 2 people with intensity II.
ğŸ“Š Max Intensity: IV

https://earthquake.usgs.gov/earthquakes/eventpage/us6000rgf4/executive

#UPDATE #USGS #earthquake #Drakepassage",en,1,0.85
72,"An #earthquake with 4.90 magnitude has occurred near Santiago, Philippines @ 22:40:15 UTC #asia #light",en,1,0.88
73,"Earthquake Report

Earthquake M4.9 has been observed 74.38 km ESE of Santiago, Davao, Philippines on 2025-10-10 20:40:15. The depth is 24.334 km, the epicenter was in the underwater.

 #crisisinfo, #earthquake, #usgs

 https://map.crisisinfo.eu/?pageid=earthquake_index&id=1476553",en,1,0.97
74,"Earthquake Location: DRAKE PASSAGE Magnitude: 5.500000

Interest | Match | Feed",en,1,0.91
75,"Earthquake Magnitude: 5.500000 Location: DRAKE PASSAGE

Interest | Match | Feed",en,1,0.88
76,M7.4 Philippines captured in Turin my #@raspishake.bsky.social ##earthquake #raspishake,en,0,0.25
77,"Magnitude 7.8 earthquake hits off tip of South America, tsunami threat issued share.google/CQHGZfVYPrIT...",en,1,0.78
78,"Magnitude : 5.9
Region: *Drake Passage*
Time: 2025-10-10 21:28:42 UTC
Epicenter : 62.97Â°W 60.11Â°S
Depth: 10 km
*First posted at: 21:36 UTC*

https://geofon.gfz-potsdam.de/eqexplorer/events/gfz2025twwj/general

#GEOFON #GFZ #earthquake #magnitude",en,1,0.97
79,"#Earthquake M5.7 | Antarctica: Drake Passage | 8m ago | Oct 10, 2025 09:28 pm (Universal Time)
#Aftershock of M7.6 quake 59 minutes earlier
Did you feel it? Submit a report!
#strong #quake #M2+ #M3+ #M4+ #M5+ #Antarctica",en,1,0.95
80,"Earthquake Alert: 
A strong (M6.5+) earthquake is likely near the red line shown (passing near Vanuatu and through New Caledonia) in the period from October 19 evening till October 30, 2025.

#astrology #palmistankur #predictions #earthquake",en,1,0.67
81,"A 7.4-magnitude earthquake struck near the southern Philippines on Friday, according to the U.S. Geological Survey, triggering tsunami warnings for as far afield as Indonesia and Palau, although they were dropped within a few hours.",en,1,0.76
82,"New earthquake reported: M 4.9 - 74 km ESE of Santiago, Philippines - 2025-10-10T21:34:59.040Z",en,1,0.85
83,"A strong earthquake with a magnitude of 7.8 struck near Drake Passage in southern South America.

",en,1,0.81
84,"ğŸŒœï¸å·¨å¤§åœ°éœ‡ç™ºç”Ÿ

åœ°éœ‡åï¼šDrake Passage Earthquake

ç™ºç”Ÿåœ°ï¼šãƒ‰ãƒ¬ãƒ¼ã‚¯æµ·å³¡ï¼ˆDrake Passageï¼‰

ä»˜è¿‘ã®åœ°ç‚¹ï¼šãƒ“ã‚¸ãƒ£ãƒ»ãƒ©ã‚¹ãƒ»ã‚¨ã‚¹ãƒˆãƒ¬ãƒ¼ãƒªãƒ£ã‚¹ï¼ˆVilla Las Estrellasï¼‰

ãƒã‚°ãƒ‹ãƒãƒ¥ãƒ¼ãƒ‰ï¼š7.6ğŸŒ™

æ·±ã•ï¼š6.5ãƒã‚¤ãƒ«ï¼ˆç´„10.5kmï¼‰

è¢«å®³çŠ¶æ³ï¼šå¤šãã®å»ºç‰©ã«ç”šå¤§ãªè¢«å®³ï¼ˆSevere damage to most buildingsï¼‰

ç™ºç”Ÿæ—¥æ™‚ï¼š2025å¹´10æœˆ11æ—¥ 05æ™‚29åˆ†20ç§’ï¼ˆç¾åœ°æ™‚é–“ï¼‰

ä½ç½®ï¼šå—ç·¯60.174åº¦ è¥¿çµŒ61.967åº¦",ja,0,0.0
85,Okay. Training pilots from our NATO allies is understandable. But is Qatar is not a NATO ally. Iâ€™m trying to grasp this. These seems like an earthquake.,en,0,0.18
86,"ğŸŒ Earthquake Alert ğŸŒ
ğŸ“ Location: FRANCE
ğŸ“ Magnitude (ml): 2.8
ğŸ”½ Depth: 34.90 km
â° Time: 2025-10-10 21:32:35 UTC
ğŸ”— Source: EMSC
Stay safe!",en,1,1.0
87,"A 4.9 magnitude earthquake occurred 74 km ESE of Santiago, Philippines!
ğŸ—ºï¸ Coordinates: 7.128600, 127.227900
",en,1,0.79
88,"ğŸ”´ UPDATE: M7.6 mww earthquake, Drake Passage, depth 10.5 km

âš ï¸ TSUNAMI ALERT ISSUED

ğŸŸ¢ PAGER Alert Level: GREEN
ğŸ” Felt by 2 people with intensity II.
ğŸ“Š Max Intensity: IV

https://earthquake.usgs.gov/earthquakes/eventpage/at00t3xnl1/executive

#UPDATE #USGS #earthquake #Drakepassage",en,1,0.85
89,"This is very sad to see. My thoughts are with the Filipino people after the huge earthquake there; a 7.4
www.aljazeera.com/news/2025/10...",en,0,0.17
90,The tsunami from the 7.4 was well under one meter in height. The earthquake is strike-slip which reduces - but does not eliminate - the tsunami hazard. There may be consequences such as landslides too which may create a larger tsunami than you would expect from the earthquake alone.,en,0,0.13
91,"JUST IN: 7.8 magnitude earthquake hits Drake Passage, near South America. - PTWC/NERV - https://x.com/AZ_Intel_/status/1976750290817765732",en,1,0.69
92,PTWC: Hazardous tsunami waves are possible for coasts within 1000km of epicenter of 7.8 earthquake in the Drake Passage - https://x.com/lookner/status/1976750652400566435,en,0,0.22
93,"BREAKING: 7.8 Magnitude earthquake in Drakes Passage, south of South America. A tsunami is NOT expected with this earthquake. - https://x.com/MaxVelocityWX/status/1976754732090704149",en,1,0.68
94,PTWC: LIFTS TSUNAMI WARNING AFTER EARTHQUAKE AT DRAKE PASSAGE,de,0,0.0
95,"Earthquake Report

Earthquake M5.0 has been observed 47.87 km E of Santiago, Davao, Philippines on 2025-10-10 18:58:14. The depth is 50 km, the epicenter was in the underwater.

 #crisisinfo, #earthquake, #emsc

 https://map.crisisinfo.eu/?pageid=earthquake_index&id=1476552",en,1,0.91
96,"Philippines jolted by powerful earthquake and aftershock, triggering tsunami alert",en,1,0.44
97,"Earthquake Magnitude: 5 Location: PHILIPPINE ISLANDS REGION

Interest | Match | Feed",en,1,0.91
98,Tsunami threat issued as magnitude 7.8 quake strikes off tip of South America - https://www.thestar.com.my/news/world/2025/10/11/earthquake-of-magnitude-7-strikes-drake-passage-gfz-says,en,1,0.65
99,"Daily X read. Kid Storm collapses and a flood ends, she's determined to be a mutant at the hospital and FBI are called. Polaris makes her way to Muir Isle as Magneto leves after a telling off from Moira. Forge has a vision of kid Storm, Amanda Sefton is back and the Reavers are gonnaattack Muir Isle",en,0,0.0
100,"In case some background on what they're doing is needed: apnews.com/article/penn...

TL;DR - Just like on the federal level, they're trying to flood the zone. They wanna cause chaos and strip people of their rights however they can. Ignore their noise & push back against it.",en,0,0.04
101,"FGZ expires Flood Advisory for Apache, Coconino, Navajo [AZ]
at Fri, 10 Oct 2025 21:55:28 +0000 via IEMbot
Additional Details Here.",en,1,0.75
102,i won't live to see it darth but twenty years from now there'll be a flood of tell all documentaries about this administration and all these horribly weak people that will expose so much more than anyone's wildest imagination hell half the stuff saint ronny and poppy bush did is still sealed off,en,0,0.01
103,High astronomical tides plus onshore winds were responsible. More flood pics: bsky.app/profile/wmbf...,en,0,0.0
104,"Also speaking of streams: the reason why I'm taking friday and Saturday off is because mother nature isn't cooperating 

I'm under a flood watch for my area and the weather here is gonna turn sour so it's in my best terms not to stream those days 

Thank y'all for understanding and bearing with me",en,0,0.01
105,Flood the Zone with Truth and Facts...,en,0,0.0
106,"What Is â€˜Slopcoreâ€™?

The easy availability of powerful generative AI programs like ChatGPT, Gemini, and other image- and music-generation tools has given everyone the ability to instantly ""create"" any image, video, or song they can imagine. As the resulting flood of computer-made content washes upâ€¦",en,0,0.0
107,"Maybe this is harsh, but you should have thought about that before you built your summer camps in 100-year flood plains! 
www.texastribune.org/2025/10/10/t...",en,0,0.0
108,"â” flood of questions. Honestly, he's proud of himself.",en,0,0.0
109,"FGZ expires Flood Advisory for Apache, Coconino, Navajo [AZ] Link",en,1,0.41
110,"EKA expires Flood Advisory for Humboldt, Mendocino [CA] Link",en,1,0.41
111,I heard that unicorns could flood the market!,en,0,0.0
112,"None of us know the world without Jane Goodall in it, evidenced by the global flood of tributes after her passing. At the Rewilding Institute, some of us interviewed her, some met her briefly, and all of us remain inspired by her. Notable were her words of hope, resilience, tirelessness & tenacity.",en,0,0.0
113,"#NWS #flood #nwsflashflood #FlashFloodWarning Flash Flood Warning for Clark, NV #NVwx https://alerts-v2.weather.gov/search?id=urn:oid:2.49.0.1.840.0.64997a9174970b8f224416b4f5b71b9eab33a52a.001.1",en,1,0.63
114,"VEF issues Flash Flood Warning [flash flood: radar indicated, flash flood damage threat: considerable] for Clark [NV] till Oct 10, 5:45 PM PDT
at Fri, 10 Oct 2025 21:35:32 +0000 via IEMbot
Additional Details Here.",en,1,0.91
115,"SGX issues Flood Advisory for Riverside [CA] till Oct 10, 4:25 PM PDT
at Fri, 10 Oct 2025 21:27:47 +0000 via IEMbot
Additional Details Here.",en,1,0.93
116,"MFL cancels Coastal Flood Advisory for Coastal Palm Beach County [FL]
at Fri, 10 Oct 2025 21:39:33 +0000 via IEMbot
Additional Details Here.",en,1,0.93
117,"MFL extends time of Coastal Flood Statement valid at Oct 10, 8:00 PM EDT for Coastal Broward County, Coastal Miami Dade County [FL] till Oct 12, 5:00 PM EDT
at Fri, 10 Oct 2025 21:39:33 +0000 via IEMbot
Additional Details Here.",en,1,0.96
118,"For more information on flood prevention, see: www.nyc.gov/site/dep/env...",en,0,0.0
119,"Got a stretchy foreskin I can flood and bloat with my pre?~
I got a very inviting sheath you can slip inside!",en,0,0.0
120,"Coastal Flood Statement issued October 10 at 5:39PM EDT until October 12 at 5:00PM EDT by NWS Miami FL
Additional Details Here.",en,1,0.88
121,"ğŸš¨ Flash Flood Warning issued October 10 at 2:35PM PDT until October 10 at 5:45PM PDT by NWS Las Vegas NV ğŸš¨
Additional Details Here.",en,1,0.9
122,"...fell to the floor and she dammed the flood with her fingers.

She wanted to walk right in and join them. But first she would enjoy the show. (5/ )",en,0,0.0
123,"As Trump Denies Climate Change, At Least 170 Hospitals Face Major Flood Risk kffhealthnews.org/news/article...",en,0,0.21
124,MFL cancels Coastal Flood Advisory for Coastal Palm Beach County [FL] Link,en,1,0.64
125,"MFL extends time of Coastal Flood Statement valid at Oct 10, 8:00 PM EDT for Coastal Broward County, Coastal Miami Dade County [FL] till Oct 12, 5:00 PM EDT Link",en,1,0.89
126,"MFL cancels Coastal Flood Advisory for Coastal Broward County, Coastal Miami Dade County [FL] Link",en,1,0.67
127,"MFL extends time of Coastal Flood Statement valid at Oct 10, 8:00 PM EDT for Coastal Palm Beach County [FL] till Oct 12, 5:00 PM EDT Link",en,1,0.9
128,"So all I could do was download loads of other photos to flood out the preview so I can't see the photos of her anymore 

What the fuck is this weird fucking cruel torture",en,0,0.0
129,"VEF issues Flash Flood Warning [flash flood: radar indicated, flash flood damage threat: considerable] for Clark [NV] till Oct 10, 5:45 PM PDT Link",en,1,0.78
130,"""Iâ€™ve recalled a phrase Steve Bannon coined during President Donald Trumpâ€™s first term. Describing how the right could push back against the mainstream media, Bannon said they had to â€œflood the zone with shit.â€""",en,0,0.0
131,"We're watching the scanners in AZ where a Flash Flood Warning is active. Official warnings are out, but ground reports are quiet... for now. This can change in an instant. That's why Yallbot is LIVE on YouTube & X, monitoring every angle. #Scanner #AZwx #Flooding - https://x.com/OfficialYallbot/s...",en,1,0.57
132,The beginnings of this system are coming into form this afternoon off the east coast of Florida. This system should make its way up the Atlantic Seaboard this weekend. Coastal Flood Watches are in effect across coastal regions from Virginia up through Massachusetts. #FLwx #VAwx - https://x.com/Ra...,en,0,0.25
133,"Flood Advisory issued October 10 at 5:24PM EDT until October 10 at 7:30PM EDT by NWS Melbourne FL
Additional Details Here.",en,1,0.92
134,"Flood Advisory issued October 10 at 2:27PM PDT until October 10 at 4:25PM PDT by NWS San Diego CA
Additional Details Here.",en,1,0.8
135,"Flood Advisory issued October 10 at 2:13PM PDT until October 10 at 5:15PM PDT by NWS Las Vegas NV
Additional Details Here.",en,1,0.8
136,"Storm alerts for coastal flood and wind are set to cover nearly the entire near-coast region from the Florida Keys to southern Maine.

Here's what areas will see the most impact:",en,0,0.26
137,"Illinois clapback to hotwheels in Texas picking on Governor Pritzker made my Friday afternoon. ğŸ˜†

FU Greg Abbott, have you found all the children from the flood yet?
www.reddit.com/r/PritzkerPo...",en,0,0.0
138,"EKA issues Flood Advisory for Humboldt [CA] till Oct 10, 4:30 PM PDT Link",en,1,0.82
139,"VEF issues Flood Advisory for San Bernardino [CA] and Clark [NV] till Oct 10, 5:15 PM PDT
at Fri, 10 Oct 2025 21:13:14 +0000 via IEMbot
Additional Details Here.",en,1,0.93
140,"Tell me you're familiar with ""Through Me (The Flood)"" by Hozier",en,0,0.0
141,Me with Halo CE when the Flood first show up.,en,0,0.0
142,Flood the sates with these !!,en,0,0.0
143,"MLB issues Flood Advisory for Martin [FL] till Oct 10, 7:30 PM EDT
at Fri, 10 Oct 2025 21:24:14 +0000 via IEMbot
Additional Details Here.",en,1,0.99
144,So why donâ€™t journalist confront them with the reality that antifa doesnâ€™t exist. Every patriot of any party should be shouting from the rooftops everywhere. Attack the narrative. Flood the zone.,en,0,0.0
145,"The EU approves Spain to redirect 1.241 billion euros in European funds to respond to theÂ flood

by AI | 10.Oct 2025 | Europe in brief AI Aside from this measure, the European Commission approved last week to disburse 945 million euros from the EU Solidarity Fund and redirect 645 million euros inâ€¦",en,0,0.23
146,"MLB issues Flood Advisory for Martin [FL] till Oct 10, 7:30 PM EDT Link",en,1,0.91
147,"Na, @flood-krueminxler.bsky.social ... Lust auf die Rolle der Lois Lane (SupermÃ¤nner-Edition) ?
ğŸ˜‰ğŸ¤£ğŸ˜˜
#SchleFaZ
#DreiSupermÃ¤nnerRÃ¤umenAuf
#SchleFaZbeiNitro
#WirSindSchleFaZ",de,0,0.0
148,"Coastal flood watches have been upgraded to warnings Friday afternoon for Hatteras and Ocracoke, as forecasters warned that a powerful coastal storm will bring several days of coastal and rain flooding, high surf, and strong winds to the OBX and NENC.

www.patreon.com/posts/140934...",en,0,0.2
149,"Chicago is reminding the nation who runs these streets: the people, not the president. 

A federal judge just blocked Trumpâ€™s attempt to flood the city with troops, ruling thereâ€™s no â€œdanger of rebellion.â€

Damn right. 
The only rebellion is against authoritarian overreach.",en,0,0.0
150,"The problem is they can go after young people who are desperate for mainstream approval, and use that to flood the market with low grade crap and price artists out of what they do. It's just basic bitch shit, sure, but if enough people buy, it starts to set the standard.",en,0,0.0
151,Coastal Flood Watch issued October 10 at 4:57PM EDT until October 13 at 8:00PM EDT by NWS Mount Holly NJ Visit www.cupajoe.live/jersey-shore-weather?utm_campaign=snd-autopilot for more NJ Weather.,en,1,0.53
152,BTW dont fall for their 'flood the zone with shit'.,en,0,0.02
153,"VEF issues Flood Advisory for San Bernardino [CA] and Clark [NV] till Oct 10, 5:15 PM PDT Link",en,1,0.82
154,"Two weeks after a deadly flood hit the city of Globe, residents are gearing up for more rain this weekend. Thunderstorms are expected in the area at least through Saturday night and additional showers are likely through Monday.",en,0,0.12
155,The shock n awe flood the zone attack is starting to feel more like a wet fart in an old man's diaper,en,0,0.0
156,The combination of out of control gerrymandering and the flood of dark money after the citizens united decision has corrupted our politics to the point that I'm not sure it can be repaired without a major overhaul of campaign finance laws.,en,0,0.08
157,Coastal Flood Watch issued October 10 at 4:57PM EDT until October 13 at 8:00PM EDT by NWS Mount Holly NJ Visit www.cupajoe.live/jersey-shore-weather?utm_campaign=snd-autopilot for more NJ Weather.,en,1,0.53
158,Summary: This is a WV bill titled 'Establishing Flood Protection Planning Council' with status 'Introduced'.,en,0,0.0
159,"ğŸ“‹ WV 7: Establishing Flood Protection Planning Council

Sponsor: Billy Bailey (D)

Status: Introduced
Last Action: HELD BY THE GOVERNOR.",en,0,0.0
160,"FGZ continues Flash Flood Warning [flash flood: radar indicated, flash flood damage threat: considerable] for Coconino, Yavapai [AZ] till Oct 10, 5:15 PM MST
at Fri, 10 Oct 2025 20:51:20 +0000 via IEMbot
Additional Details Here.",en,1,0.91
161,"PHI continues Coastal Flood Advisory for Delaware Beaches, Inland Sussex, Kent [DE] till Oct 11, 4:00 PM EDT
at Fri, 10 Oct 2025 20:57:57 +0000 via IEMbot
Additional Details Here.",en,1,0.96
162,"The evergreen scenario of a lone speck, desperately swimming against the waterfalling tide of a cup of coffee as it drains between two canyon-esque lips, an ocean of hot liquid disappearing into the abyss within. How their muscles ache and strain as they push against the scalding floodâ€¦",en,0,0.08
163,"Not hearing it, but are there pending lawsuits against ICE, CBP, etal? I was a cop: 110 lbs, 5'5, female & was sued for excessive force 3x-all dismissed. Are ICE & CBP answerable to civil rights charges (yea, I know: DOJ) and/or excessive force charges? Initiate local & fed charges. Flood the zone!",en,0,0.08
164,"Nerdy Irritably' Flood Attitude: harmonica, banjo and pan pipe needed. Play deathlatin jazz tronica.",en,0,0.0
165,Coastal Flood Watch issued October 10 at 4:57PM EDT until October 13 at 8:00PM EDT by NWS Mount Holly NJ Visit www.cupajoe.live/jersey-shore-weather?utm_campaign=snd-autopilot for more NJ Weather.,en,1,0.53
166,"A Coastal Flood Advisory is in effect though Saturday evening for Hatteras and Ocracoke islands, and a Flood Watch is in effect for the Outer Banks and parts of Carteret County from this evening through Sunday morning.",en,1,0.56
167,"Mike Johnson, pedophile protector,  can only be emailed through his website and only if you have an address in his district even though he controls Congress. Lets flood his office with demands to seat Rep. Grijalva now. Call 202-225-2777. You will have to leave a message. No one live ever answers.",en,0,0.0
168,"His cock strikes like lightning, thighs thunder against mine, sweat rains from his chest. I flood beneath him, seed pouring without touch.

More on Fanvue: www.fanvue.com/landofaimen
#nsfwart #gaydesire",en,0,0.0
169,"Coastal Flood Advisory issued October 10 at 4:57PM EDT until October 11 at 4:00PM EDT by NWS Mount Holly NJ
Additional Details Here.(2/2)",en,1,0.94
170,"Coastal Flood Advisory issued October 10 at 4:57PM EDT until October 11 at 4:00PM EDT by NWS Mount Holly NJ
Additional Details Here.
(1/2)",en,1,0.94
171,"#NWS #flood #nwsflashflood #FlashFloodWarning Flash Flood Warning for Coconino, AZ; Yavapai, AZ #AZwx https://alerts-v2.weather.gov/search?id=urn:oid:2.49.0.1.840.0.4b42ecf0d3d06a6948953b1efd592df63bca84ef.001.1",en,1,0.63
172,"ğŸš¨ Flash Flood Warning issued October 10 at 1:51PM MST until October 10 at 5:15PM MST by NWS Flagstaff AZ ğŸš¨
Additional Details Here.",en,1,0.9
173,Coastal Flood Advisory issued October 10 at 4:57PM EDT until October 11 at 4:00PM EDT by NWS Mount Holly NJ Visit www.cupajoe.live/jersey-shore-weather?utm_campaign=snd-autopilot for more NJ Weather.,en,1,0.77
174,"Flash flooding can escalate quickly, whether youâ€™re on the road or camping. If flooding occurs while youâ€™re outdoors, immediately get to higher ground, and NEVER enter flood waters in a vehicle or on foot.

For more safety tips visit: www.weather.gov/safety/flood",en,0,0.22
175,"At 10:00 AM EDT, 1 SSE Edgewater [Volusia Co, FL] Emergency Mngr reports Flash Flood. Additional info received for previous flash flood report from 1 SSE Edgewater. EM reported widespread flooding impacting local roadways in Edgewater. 1 home... #flwx Link",en,1,0.57
176,"FGZ continues Flash Flood Warning [flash flood: radar indicated, flash flood damage threat: considerable] for Coconino, Yavapai [AZ] till Oct 10, 5:15 PM MST Link",en,1,0.78
177,Naturally.  Flood the zone.,en,0,0.0
178,"Meme I made some while ago. Sorry for being awful at drawing, but I had to convey this stupid joke somehow. #FFXIV",en,0,0.08
179,"FGZ extends time of Flood Advisory for Coconino, Gila, Yavapai [AZ] till Oct 10, 3:45 PM MST
at Fri, 10 Oct 2025 20:42:44 +0000 via IEMbot
Additional Details Here.",en,1,0.88
180,"FGZ expires Flash Flood Warning for Coconino, Navajo [AZ]
at Fri, 10 Oct 2025 20:44:47 +0000 via IEMbot
Additional Details Here.",en,1,0.84
181,Looking for homeowners who currently have a flood policy. Are you concerned about your upcoming renewal? #governmentshutdown #homeowner #floodinsurance #NFIP,en,0,0.0
182,"ğŸ“£ Flood your feeds
Grab ready-to-share videos & quote cards from Indivisible. Post through Oct 18 to build momentum. Download and share directly to your platforms: buff.ly/RZxFas2",en,0,0.16
183,"Tjaâ€¦ â€flood the zone with shitâ€¦â€. 

Wir mÃ¼ssen es erkennen und benennen und nicht weiter verbreiten.",de,0,0.0
184,"Just lovely. 

Sana'a, the stronghold of the Houthis in Yemen, today at noon under the slogan ""Al-Aqsa Flood, Two Years of Jihad and Sacrifice Until Victory""

H/T Roi Kais",en,0,0.0
185,Town of Wrightsville Beach takes precautions ahead of flood threat #NCnews,en,0,0.02
186,"Flood Advisory issued October 10 at 1:42PM MST until October 10 at 3:45PM MST by NWS Flagstaff AZ
Additional Details Here.",en,1,0.8
187,"FGZ expires Flash Flood Warning for Coconino, Navajo [AZ] Link",en,1,0.59
188,"""...if Bolton...was asked to return it but didnâ€™t, & knew it was there & willfully retained it, & ignored a subpoena to return it, then plotted to move the documents with his valet, then drained his pool to flood the server room where those videos were kept - Bolton could be in big trouble.""",en,0,0.0
189,"FGZ extends time of Flood Advisory for Coconino, Gila, Yavapai [AZ] till Oct 10, 3:45 PM MST Link",en,1,0.76
190,"Sounds like this idiot Flood thinks urgent care centers are legitimate replacements for hospitals with emergency departments.

This is who is making legal decisions about our healthcare, folks.",en,0,0.0
191,Watch the pace man. That's the real key. He don't care if he wins or loses. He just wants to flood us all with too much.,en,0,0.01
192,"Climate crisis: Tropical Storm Priscilla to drench Southwest US, raising deadly flash flood risk",en,1,0.51
193,NYC FORECAST: A new Coastal Flood Warning has been issued for NYC starting Sunday. Widespread moderate to locally major flooding (2-3 ft inundation) is feared during high tides. We're tracking this developing storm LIVE on YouTube & X. #NYC #NYCwx #CoastalFlooding - https://x.com/OfficialYallbot/...,en,1,0.53
194,"Funny story, Iâ€™m in Ling Beach for the cranberry harvest festival and they have â€˜bog frogsâ€™ and when they flood the bogs, apparently itâ€™s instant dat night for the frogs. Iâ€™m hoping to see one or two this weekend!!",en,0,0.02
195,"MHX issues Hazardous Weather Outlook (HWO) at Oct 10, 4:27 PM EDT ...COASTAL FLOOD ADVISORY IN EFFECT UNTIL 8 AM EDT MONDAY... via IEMbot
Additional Details Here.",en,1,0.98
196,"MHX issues Hazardous Weather Outlook (HWO) at Oct 10, 4:22 PM EDT ...COASTAL FLOOD ADVISORY IN EFFECT UNTIL 8 AM EDT MONDAY... via IEMbot
Additional Details Here.",en,1,0.98
197,"Itâ€™s not an air base Michael. The falsehoods are spreading like wildfire. 

bsky.app/profile/mike...",en,0,0.02
198,"PhD position in wildfire modeling at U. Miami:

graduate.earth.miami.edu/_assets/pdf/...",en,0,0.05
199,Yeah I remember the DVDs being passed around high school like wildfire my freshman year back in that interregnum between its cancellation and being revived bc of DVD sales and Adult Swim ratings and it was a blast when it first happened and/or I was a teen lol,en,0,0.02
